country,longitude (degrees),latitude (degrees),longitude (radians),latitude (radians),x_radian_ecef,y_radian_ecef,z_radian_ecef,long_coverted,hyp,lat_convert
Afghanistan,66.00473115,33.83523216,1.15199988,0.5905362044,0.337789974,0.7588573373,0.5568064969,1.15199988,0.8306422364,0.5905362044
Aland,19.95324636,60.21490035,0.3482498454,1.05094827,0.4669291686,0.1695169555,0.8678946672,0.3482498454,0.496748273,1.05094827
Albania,20.04983034,41.14245128,0.3499355539,0.7180712372,0.7074358043,0.2581825617,0.6579333914,0.3499355539,0.7530761266,0.7180712372
Algeria,2.61732102,28.15893844,0.04568086938,0.4914661896,0.8807221641,0.04026016222,0.4719190492,0.04568086938,0.8816418837,0.4914661896
American Samoa,-170.7180186,-14.30448922,-2.979591517,-0.2496604347,-0.9563088113,-0.156292781,-0.247074936,-2.979591517,0.9689963756,-0.2496604347
Andorra,1.56053368,42.54229174,0.0272364508,0.7425030622,0.7365051994,0.02006474938,0.6761342301,0.0272364508,0.7367784625,0.7425030622
Angola,17.53736149,-12.29336112,0.3060847001,-0.2145596277,0.9316566747,0.2944182694,-0.2129171743,0.3060847001,0.9770702518,-0.2145596277
Anguilla,-63.06498464,18.22396692,-1.100691625,0.3180682255,0.4302587708,-0.8468033538,0.3127322661,-1.100691625,0.9498413182,0.3180682255
Antarctica,19.92113271,-80.50856414,0.3476893565,-1.40513952,0.15503297,0.05618583507,-0.9863102606,0.3476893565,0.1649001815,-1.40513952
Antigua and Barbuda,-61.7946956,17.27754256,-1.078520898,0.3015500043,0.4513058979,-0.8414948688,0.2970006268,-1.078520898,0.9548772841,0.3015500043
Argentina,-65.17980881,-35.38135347,-1.13760227,-0.6175211119,0.3422469108,-0.7400051902,-0.5790158638,-1.13760227,0.8153162758,-0.6175211119
Armenia,44.9299343,40.28952206,0.7841752862,0.703184814,0.540030758,0.538711588,0.6466502961,0.7841752862,0.7627865983,0.703184814
Aruba,-69.98267466,12.52088881,-1.221428092,0.218530735,0.3341632646,-0.9172429384,0.2167955361,-1.221428092,0.976217033,0.218530735
Ashmore and Cartier Islands,123.5838304,-12.42994255,2.156944743,-0.2169434233,-0.5401904372,0.8135499855,-0.2152457029,2.156944743,0.9765599251,-0.2169434233
Australia,134.4909988,-25.73288736,2.347310743,-0.4491236105,-0.6312977123,0.6426151292,-0.4341762248,2.347310743,0.9008279557,-0.4491236105
Austria,14.12647809,47.58549847,0.2465535544,0.8305236245,0.6540922612,0.1646180043,0.7382846514,0.2465535544,0.6744892686,0.8305236245
Azerbaijan,47.54599646,40.28827674,0.8298341844,0.7031630791,0.5148890001,0.5628091629,0.6466337168,0.8298341844,0.7628006531,0.7031630791
Bahrain,50.54197759,26.04200845,0.8821239194,0.4545187913,0.570990638,0.69370191,0.4390300119,0.8821239194,0.8984723973,0.4545187913
Bangladesh,90.23812793,23.86730412,1.574952443,0.4165630405,-0.003800695185,0.9144771026,0.4046198011,1.574952443,0.9144850007,0.4165630405
Barbados,-59.55980198,13.18145371,-1.039514646,0.2300597674,0.4932902392,-0.8394429414,0.2280357167,-1.039514646,0.9736527676,0.2300597674
Belarus,28.03208711,53.53131155,0.4892522163,0.9342976395,0.5246530357,0.279339966,0.8041818051,0.4892522163,0.5943833985,0.9342976395
Belgium,4.64064572,50.63981435,0.08099454723,0.883831493,0.6321143396,0.05131006384,0.7731744557,0.08099454723,0.634193394,0.883831493
Belize,-88.71010228,17.20027475,-1.548283365,0.3002014266,0.02150429714,-0.9550348712,0.2957126309,-1.548283365,0.9552769441,0.3002014266
Benin,2.32784527,9.6417533,0.04062856444,0.1682803408,0.9850606758,0.04004363665,0.1674872298,0.04062856444,0.9858742455,0.1682803408
Bermuda,-64.75454185,32.31368594,-1.130179961,0.5639802131,0.3604472243,-0.7644145249,0.5345542374,-1.130179961,0.8451341712,0.5639802131
Bhutan,90.401895,27.4110619,1.577810718,0.4784132816,-0.006226809844,0.8877046807,0.4603711837,1.577810718,0.8877265194,0.4784132816
Bolivia,-64.6853892,-16.70814536,-1.128973019,-0.2916121484,0.4095363126,-0.8658092545,-0.2874966842,-1.128973019,0.957781633,-0.2916121484
Bosnia and Herzegovina,17.76876588,44.17449912,0.3101234686,0.7709904551,0.683006451,0.218878739,0.6968459553,0.3101234686,0.7172208269,0.7709904551
Botswana,23.7985373,-22.18402031,0.415362833,-0.3871841957,0.8472401666,0.3736516012,-0.3775825485,0.415362833,0.9259759279,-0.3871841957
Brazil,-53.09783199,-10.78777567,-0.9267319939,-0.1882822044,0.589838847,-0.7855296788,-0.1871717346,-0.9267319939,0.9823272071,-0.1882822044
British Indian Ocean Territory,72.44540239,-7.33058251,1.2644108,-0.1279428009,0.2991492151,0.9456370925,-0.1275940295,1.2644108,0.9918264786,-0.1279428009
British Virgin Islands,-64.47140241,18.52593375,-1.125238245,0.3233385409,0.408629089,-0.8556094085,0.317733863,-1.125238245,0.9481799367,0.3233385409
Brunei Darussalam,114.7220255,4.51968241,2.00227707,0.0788833392,-0.4169157715,0.9055228072,0.07880155498,2.00227707,0.9968903224,0.0788833392
Bulgaria,25.21552327,42.76889988,0.4400939037,0.7464581204,0.6641475253,0.3127439139,0.679042936,0.4400939037,0.7340985568,0.7464581204
Burkina Faso,-1.7545684,12.26953681,-0.03062299553,0.214143815,0.9767005628,-0.02991884987,0.2125108777,-0.03062299553,0.977158701,0.214143815
Burundi,29.8751201,-3.35939257,0.5214192102,-0.05863246121,0.8656230897,0.4972553053,-0.05859887288,0.5214192102,0.9982816096,-0.05863246121
Cambodia,104.9069431,12.72004932,1.830971565,0.2220067417,-0.250936355,0.9426284452,0.2201875564,1.830971565,0.9754575542,0.2220067417
Cameroon,12.73964266,5.69110296,0.2223487099,0.09932848472,0.9705745222,0.2194341662,0.09916523369,0.2223487099,0.9950709806,0.09932848472
Canada,-98.30775723,61.36206827,-1.715794044,1.070970127,-0.06925023866,-0.4742436292,0.877665873,-1.715794044,0.4792730072,1.070970127
Cape Verde,-23.95990969,15.95518822,-0.4181793126,0.2784705672,0.8786263474,-0.3904532337,0.2748854562,-0.4181793126,0.9614769815,0.2784705672
Cayman Islands,-80.91213058,19.42896455,-1.412183083,0.3390994017,0.1489545437,-0.9312167107,0.3326379137,-1.412183083,0.9430546211,0.3390994017
Central African Republic,20.46826364,6.56823003,0.3572385927,0.1146372401,0.9307167609,0.3473932662,0.114386317,0.3572385927,0.9934363445,0.1146372401
Chad,18.64493211,15.33333336,0.3254154541,0.2676171524,0.9137898899,0.3083222517,0.2644341625,0.3254154541,0.96440374,0.2676171524
Chile,-71.38255879,-37.73069754,-1.245860679,-0.6585249011,0.2524917388,-0.7495092102,-0.6119508687,-1.245860679,0.7908957797,-0.6585249011
China,103.8190739,36.56176801,1.811984666,0.6381232321,-0.1918533481,0.7799659332,0.595689043,1.811984666,0.8032151419,0.6381232321
Colombia,-73.08114936,3.91383156,-1.275506677,0.06830924709,0.2903382741,-0.9544866613,0.06825613591,-1.275506677,0.9976678304,0.06830924709
Comoros,43.68238096,-11.87777573,0.7624013729,-0.2073062943,0.7076954918,0.6758722638,-0.2058246193,0.7624013729,0.9785888953,-0.2073062943
Cook Islands,-159.7872415,-21.21926813,-2.788813467,-0.3703460937,-0.8747935024,-0.3220825241,-0.361938083,-2.788813467,0.9322021369,-0.3703460937
Costa Rica,-84.19208786,9.9763424,-1.469429137,0.1741200222,0.09966356984,-0.9798237312,0.1732415328,-1.469429137,0.9848793689,0.1741200222
Cote d'Ivoire,-5.56921598,7.62842868,-0.09720115561,0.1331411972,0.9864712577,-0.09618927135,0.1327481894,-0.09720115561,0.9911497961,0.1331411972
Croatia,16.40413079,45.08047284,0.2863060932,0.7868026794,0.677369637,0.1994137926,0.7080992262,0.2863060932,0.7061129413,0.7868026794
Cuba,-79.01606913,21.62290023,-1.379090568,0.3773908028,0.1771256887,-0.9125990822,0.3684961404,-1.379090568,0.929629278,0.3773908028
Curacao,-68.9712225,12.19552443,-1.203774922,0.2128520553,0.3507387204,-0.9123357079,0.2112484465,-1.203774922,0.9774323986,0.2128520553
Cyprus,33.00600358,34.91666932,0.5760634354,0.6094108435,0.6876508088,0.4466681044,0.5723844597,0.5760634354,0.8199853842,0.6094108435
Czech Republic,15.31240065,49.73341073,0.2672518077,0.8680117655,0.623399876,0.1706879376,0.7630453607,0.2672518077,0.6463449369,0.8680117655
Congo,23.64395637,-2.87746013,0.4126648869,-0.05022115336,0.9149003406,0.4005462798,-0.05020004503,0.4126648869,0.9987391829,-0.05022115336
Denmark,10.02799418,55.98126391,0.1750215158,0.9770573747,0.550916927,0.09741908405,0.8288546685,0.1750215158,0.5594639742,0.9770573747
Djibouti,42.56067681,11.74872052,0.7428239422,0.205053856,0.7211305185,0.6622006618,0.2036198879,0.7428239422,0.9790500198,0.205053856
Dominica,-61.35773122,15.43947211,-1.070894431,0.2694696231,0.4620411495,-0.8459578958,0.2662202374,-1.070894431,0.963912229,0.2694696231
Dominican Republic,-70.50569086,18.8943308,-1.230556447,0.3297682824,0.3157318955,-0.8918808852,0.3238238051,-1.230556447,0.9461174046,0.3297682824
East Timor,125.8443864,-8.8288854,2.196398888,-0.1540931195,-0.5786472905,0.8010055971,-0.1534840276,2.196398888,0.9881511288,-0.1540931195
Ecuador,-78.75203573,-1.42381949,-1.374482316,-0.02485033805,0.1949952503,-0.9804893881,-0.02484778046,-1.374482316,0.9996912462,-0.02485033805
Egypt,29.8618993,26.49593108,0.5211884637,0.4624412357,0.7761396531,0.4456135809,0.4461342573,0.5211884637,0.8949660466,0.4624412357
El Salvador,-88.87164456,13.73944008,-1.551102809,0.2397984668,0.01912876797,-0.9711974977,0.2375068647,-1.551102809,0.9713858601,0.2397984668
Equatorial Guinea,10.34138898,1.70554042,0.1804912869,0.02976729585,0.9833198024,0.1794333748,0.02976289996,0.1804912869,0.9995569868,0.02976729585
Eritrea,38.84615444,15.36186881,0.6779932967,0.26811519,0.751006749,0.604821629,0.264914439,0.6779932967,0.9642719222,0.26811519
Estonia,25.54248555,58.67192416,0.445800472,1.024018255,0.4691220515,0.2241868917,0.854204155,0.445800472,0.5199377479,1.024018255
Ethiopia,39.6008014,8.62278417,0.6911643709,0.1504959745,0.7617951924,0.630229739,0.1499285193,0.6911643709,0.9886968388,0.1504959745
Falkland Islands,-59.35240055,-51.7448299,-1.035894809,-0.9031176526,0.3156231727,-0.5326791482,-0.7852610636,-1.035894809,0.6191648101,-0.9031176526
Faroe Islands,-6.88096322,62.05386227,-0.1200954639,1.08304421,0.4652657912,-0.05614650312,0.8833885406,-0.1200954639,0.4686413194,1.08304421
Federated States of Micronesia,153.2370612,7.4528106,2.674491254,0.1300760835,-0.8853342749,0.4464959636,0.1297095837,2.674491254,0.9915520278,0.1300760835
Fiji,165.4505548,-17.4285609,2.887656931,-0.3041857716,-0.9234945918,0.2396823923,-0.2995164265,2.887656931,0.9540911436,-0.3041857716
Finland,26.27467024,64.49884844,0.4585795056,1.125717269,0.3860479119,0.1905844535,0.9025766315,0.4585795056,0.4305292373,1.125717269
France,2.53618475,46.18700581,0.04426477433,0.806115323,0.6916287131,0.03063479982,0.7216032374,0.04426477433,0.6923068451,0.806115323
French Guiana,-53.2484462,3.92595718,-0.9293607078,0.06852087908,0.5969422278,-0.7993573726,0.06846727282,-0.9293607078,0.9976533629,0.06852087908
French Polynesia,-144.9048876,-14.72228068,-2.529067391,-0.2569522713,-0.7913364818,-0.5560597522,-0.254134068,-2.529067391,0.9671690005,-0.2569522713
French Southern and Antarctic Lands,69.22673416,-49.24895992,1.208234441,-0.8595565038,0.2315196585,0.610337526,-0.7575531348,1.208234441,0.6527735043,-0.8595565038
Gabon,11.78863005,-0.58660329,0.2057504087,-0.01023815881,0.9788566462,0.204291091,-0.01023797995,0.2057504087,0.9999475905,-0.01023815881
Gambia,-15.39601809,13.44965377,-0.2687112074,0.2347407415,0.9376727217,-0.2582079895,0.2325908451,-0.2687112074,0.9725746752,0.2347407415
Gaza,34.34757119,31.39150353,0.5994782073,0.5478850937,0.7047810362,0.481626969,0.5208830519,0.5994782073,0.8536280491,0.5478850937
Georgia,43.50778995,42.16855944,0.7593541849,0.7359802031,0.5375585902,0.5102629762,0.6713139781,0.7593541849,0.7411730856,0.7359802031
Germany,10.38577693,51.10697903,0.1812660028,0.8919850548,0.6175814225,0.1131889366,0.7783196331,0.1812660028,0.6278682575,0.8919850548
Ghana,-1.21676901,7.95345124,-0.02123662546,0.138813911,0.9901574906,-0.02103076545,0.1383685325,-0.02123662546,0.9903808102,0.138813911
Greece,22.95556207,39.07466973,0.4006501398,0.6819816409,0.7148461168,0.3027800672,0.6303326583,0.4006501398,0.7763251509,0.6819816409
Greenland,-41.34191035,74.71051369,-0.7215524547,1.30394445,0.1979780265,-0.1741846956,0.9646058225,-0.7215524547,0.2636960507,1.30394445
Grenada,-61.68219415,12.1172555,-1.076557378,0.2114860048,0.4637930612,-0.8607162814,0.2099130278,-1.076557378,0.9777200626,0.2114860048
Guam,144.7679224,13.4416655,2.526676897,0.2346013199,-0.7944469194,0.5610870266,0.2324552449,2.526676897,0.9726070939,0.2346013199
Guatemala,-90.36482288,15.69404158,-1.577163687,0.2739126985,-0.006129943073,-0.9627003662,0.2705003303,-1.577163687,0.9627198821,0.2739126985
Guernsey,-2.57240158,49.46809855,-0.04489687725,0.8633811944,0.6492164581,-0.02916739212,0.7600442446,-0.04489687725,0.6498713305,0.8633811944
Guinea,-10.94066379,10.43621595,-0.1909506055,0.1821463298,0.9655821097,-0.1866526063,0.1811408124,-0.1909506055,0.9834571704,0.1821463298
Guinea Bissau,-14.94972941,12.04744454,-0.2609220005,0.2102675737,0.9448731272,-0.2522896594,0.2087215877,-0.2609220005,0.9779751013,0.2102675737
Guyana,-58.98202596,4.79378052,-1.029430552,0.08366725369,0.5135043719,-0.8540078277,0.08356967314,-1.029430552,0.9965019366,0.08366725369
Haiti,-72.68527364,18.93500961,-1.268597343,0.3304782616,0.2815152118,-0.9030237485,0.324495447,-1.268597343,0.945887258,0.3304782616
Heard Island and McDonald Islands,73.52052712,-53.08725301,1.283175266,-0.9265473559,0.1703727588,0.5759264077,-0.799551059,1.283175266,0.6005981219,-0.9265473559
Honduras,-86.61516846,14.82688225,-1.511719872,0.2587779131,0.05707619864,-0.9650170109,0.2558993476,-1.511719872,0.9667034312,0.2587779131
Hong Kong S.A.R.,114.1137986,22.39828782,1.991661508,0.3909238693,-0.3777281999,0.8438766683,0.3810427478,1.991661508,0.9245574208,0.3909238693
Hungary,19.39559381,47.16277712,0.3385169724,0.8231457451,0.6413312755,0.225792959,0.7332883026,0.3385169724,0.6799178371,0.8231457451
Iceland,-18.57397086,64.99575263,-0.3241769467,1.134389883,0.4006691192,-0.1346374501,0.9062764556,-0.3241769467,0.4226854457,1.134389883
India,79.61197355,22.88578035,1.389491062,0.399432219,0.1661196619,0.9061813776,0.3888953186,1.389491062,0.9212819499,0.399432219
Indian Ocean Territories,104.8494652,-10.64829627,1.829968387,-0.1858478296,-0.2518671884,0.9499575432,-0.1847798298,1.829968387,0.9827799421,-0.1858478296
Indonesia,117.2400976,-2.21505018,2.046225718,-0.03865991874,-0.4573782506,0.8884319282,-0.03865028934,2.046225718,0.9992527984,-0.03865991874
Iran,54.27407071,32.57503287,0.9472612323,0.5685415775,0.4920522911,0.684109696,0.538403628,0.9472612323,0.842687091,0.5685415775
Iraq,43.74353204,33.03970511,0.7634686605,0.5766516381,0.6056180453,0.5796221497,0.5452200902,0.7634686605,0.83829294,0.5766516381
Ireland,-8.13793167,53.1754426,-0.1420337019,0.9280865546,0.5933312155,-0.08484433559,0.8004745514,-0.1420337019,0.5993667429,0.9280865546
Isle of Man,-4.53873822,54.2241965,-0.07921592583,0.9463907632,0.5827817851,-0.04626240722,0.8113107793,-0.07921592583,0.5846151036,0.9463907632
Israel,35.00444995,31.4611019,0.6109429045,0.5490998145,0.6986943448,0.4893119222,0.521919587,0.6109429045,0.8529946921,0.5490998145
Italy,12.07000946,42.79663568,0.2106614058,0.7469422014,0.7175481819,0.1534361945,0.6793982196,0.2106614058,0.733769759,0.7469422014
Jamaica,-77.31482556,18.15695476,-1.349398267,0.3168986427,0.2086594159,-0.9270132236,0.3116211343,-1.349398267,0.9502064348,0.3168986427
Japan,138.0308921,37.59230065,2.409093537,0.6561094197,-0.5891326562,0.5298825422,0.6100386913,2.409093537,0.7923716269,0.6561094197
Jersey,-2.12687655,49.21837488,-0.03712099858,0.8590226941,0.6527278229,-0.02424104408,0.7572045701,-0.03712099858,0.6531778004,0.8590226941
Jordan,36.77137251,31.24579389,0.6417815208,0.5453419808,0.6848410468,0.5117930839,0.5187104973,0.6417815208,0.8549499518,0.5453419808
Kazakhstan,67.29149657,48.15687954,1.174458174,0.8404961055,0.2575266771,0.6153807855,0.7449741603,1.174458174,0.6670933222,0.8404961055
Kenya,37.79594437,0.5998746,0.6596636732,0.01046978687,0.7901550855,0.6128175327,0.01046959559,0.6596636732,0.9999451923,0.01046978687
Kiribati,-45.6220913,0.86052252,-0.7962557048,0.01501895126,0.6993089336,-0.7146617825,0.01501838663,-0.7962557048,0.9998872177,0.01501895126
Kosovo,20.87249613,42.57078418,0.3642937806,0.7430003491,0.6881135746,0.2623866082,0.6765005368,0.3642937806,0.7364421388,0.7430003491
Kuwait,47.58699362,29.33431677,0.8305497198,0.5119804115,0.5879867644,0.6436341879,0.4899046817,0.8305497198,0.871776005,0.5119804115
Kyrgyzstan,74.54165548,41.46221785,1.300997318,0.7236522167,0.199741371,0.7222828469,0.6621260256,1.300997318,0.7493925048,0.7236522167
Laos,103.7377213,18.50217971,1.810564795,0.3229239547,-0.225202877,0.9211832191,0.3173407334,1.810564795,0.9483115833,0.3229239547
Latvia,24.9123704,56.85085306,0.434802888,0.9922345685,0.4959403923,0.2303380255,0.8372499754,0.434802888,0.546820335,0.9922345685
Lebanon,35.88016327,33.92306993,0.6262269852,0.5920692627,0.6723309605,0.4863317936,0.5580792651,0.6262269852,0.8297876438,0.5920692627
Lesotho,28.22722773,-29.5800467,0.4926580626,-0.5162692078,0.7662450533,0.4113259316,-0.4936390343,0.4926580626,0.8696668924,-0.5162692078
Liberia,-9.32207781,6.45278273,-0.1627009509,0.1126223046,0.9805418475,-0.1609578746,0.112384376,-0.1627009509,0.9936648087,0.1126223046
Libya,18.00865782,27.03094247,0.3143103728,0.471778946,0.8471226569,0.2753883639,0.4544716198,0.3143103728,0.8907612176,0.471778946
Liechtenstein,9.53573593,47.13665447,0.1664299886,0.8226898189,0.6708526867,0.1126924183,0.732978234,0.1664299886,0.6802520918,0.8226898189
Lithuania,23.88720035,55.32611078,0.4169102952,0.9656227954,0.5201749383,0.2303707932,0.8224033872,0.4169102952,0.5689047976,0.9656227954
Luxembourg,6.07182681,49.76724687,0.1059733694,0.8686023175,0.6422707885,0.06831954214,0.763426928,0.1059733694,0.6458942062,0.8686023175
Macau S.A.R,113.509331,22.22310807,1.981111558,0.3878664058,-0.3692674897,0.8488790032,0.3782141707,1.981111558,0.9257181218,0.3878664058
Macedonia,21.68211343,41.59531059,0.3784242681,0.7259751232,0.6949403378,0.2762990773,0.6638650064,0.3784242681,0.7478524275,0.7259751232
Madagascar,46.70473751,-19.37189599,0.8151514458,-0.3381033674,0.6469342992,0.6866237407,-0.3316984341,0.8151514458,0.943385472,-0.3381033674
Malawi,34.2893585,-13.2180697,0.5984622042,-0.230698837,0.8043142152,0.5484470869,-0.2286579019,0.5984622042,0.9735068381,-0.230698837
Malaysia,109.6976155,3.78987255,1.914584572,0.06614575423,-0.3363189913,0.9394257036,0.06609753062,1.914584572,0.9978131671,0.06614575423
Maldives,73.45711081,3.72854733,1.282068443,0.06507542722,0.2841303143,0.9565778211,0.06502950659,1.282068443,0.9978833415,0.06507542722
Mali,-3.54268794,17.34581461,-0.06183156892,0.3027415764,0.9526986515,-0.05898203709,0.2981382207,-0.06183156892,0.9545227087,0.3027415764
Malta,14.40522042,35.92151315,0.2514185258,0.6269486768,0.7843610331,0.2014658631,0.586676466,0.2514185258,0.809821415,0.6269486768
Marshall Islands,170.3396364,7.00352799,2.972987502,0.1222346227,-0.978464241,0.166555373,0.1219304592,2.972987502,0.9925386456,0.1222346227
Mauritania,-10.3477974,20.25736926,-0.180603135,0.3535577914,0.9228883552,-0.1685126803,0.3462377224,-0.180603135,0.9381468113,0.3535577914
Mauritius,57.57120758,-20.2777156,1.004807127,-0.353912902,0.5030162203,0.7917470117,-0.3465708464,1.004807127,0.9380237995,-0.353912902
Mexico,-102.5234504,23.94753932,-1.78937177,0.4179634089,-0.1981731193,-0.8921729589,0.4059000199,-1.78937177,0.9139174874,0.4179634089
Moldova,28.45673742,47.19499323,0.4966637624,0.8237080223,0.5974056388,0.3237809696,0.733670489,0.4966637624,0.6795054184,0.8237080223
Monaco,7.40628055,43.75276115,0.1292639809,0.7636297389,0.7163042596,0.09311152441,0.6915478665,0.1292639809,0.7223306364,0.7636297389
Mongolia,103.0529965,46.82681435,1.798614093,0.8172820886,-0.1545294121,0.6665270735,0.7292889147,1.798614093,0.6842058746,0.8172820886
Montenegro,19.2388382,42.7889115,0.3357810708,0.746807389,0.6928775576,0.2418122449,0.6792992922,0.3357810708,0.7338613436,0.746807389
Montserrat,-62.18519807,16.73941361,-1.085336452,0.2921578823,0.446842143,-0.846981087,0.2880193353,-1.085336452,0.9576245937,0.2921578823
Morocco,-8.45616045,29.83762793,-0.1475878419,0.5207648484,0.858008673,-0.127559168,0.4975437425,-0.1475878419,0.8674388879,0.5207648484
Mozambique,35.53367351,-17.27381898,0.6201795981,-0.3014850156,0.7770700992,0.5549680591,-0.2969385699,0.6201795981,0.9548965838,-0.3014850156
Myanmar,96.48843207,21.18566514,1.68404083,0.3697596109,-0.1053652443,0.9264418457,0.3613913002,1.68404083,0.9324142471,0.3697596109
Namibia,17.20962769,-22.13030791,0.3003646662,-0.3862467375,0.8848564758,0.2740717775,-0.3767143189,0.3003646662,0.9263294888,-0.3862467375
Nauru,166.9325852,-0.51914199,2.913523241,-0.009060737011,-0.9740647254,0.2260880713,-0.009060613035,2.913523241,0.9999589518,-0.009060737011
Nepal,83.9158367,28.24891362,1.464607645,0.4930365528,0.09336588201,0.8759378493,0.4733029646,1.464607645,0.8808997126,0.4930365528
Netherlands,5.2814735,52.10080804,0.09217910193,0.9093306432,0.6116661797,0.05654307851,0.789092748,0.09217910193,0.6142740716,0.9093306432
New Caledonia,165.6849208,-21.29990206,2.891747389,-0.3717534213,-0.9027634616,0.2303645655,-0.3632496379,2.891747389,0.9316918485,-0.3717534213
New Zealand,171.4849539,-41.81112825,2.992977063,-0.7297418519,-0.7371305842,0.1103628087,-0.6666772475,2.992977063,0.7453465286,-0.7297418519
Nicaragua,-85.03052894,12.84709633,-1.484062695,0.2242241303,0.0844564383,-0.9713020105,0.2223499818,-1.484062695,0.9749669151,0.2242241303
Niger,9.38546454,17.41912605,0.1638072581,0.3040211024,0.941367912,0.1555970952,0.299359313,0.1638072581,0.9541404518,0.3040211024
Nigeria,8.08944243,9.59411807,0.1411874051,0.1674489491,0.9762019309,0.138750591,0.1666675244,0.1411874051,0.9860131522,0.1674489491
Niue,-169.8699537,-19.0494623,-2.964789992,-0.3324758379,-0.9305019413,-0.1662511318,-0.3263842803,-2.964789992,0.9452371668,-0.3324758379
Norfolk Island,167.949202,-29.05143845,2.931266551,-0.5070432534,-0.85491961,0.1825111326,-0.4855946324,2.931266551,0.874184107,-0.5070432534
North Korea,127.1924781,40.15350291,2.219927527,0.700810832,-0.4620270149,0.6088640763,0.6448376339,2.219927527,0.7643195836,0.700810832
Northern Cyprus,33.5684401,35.2627605,0.5858798045,0.6154512741,0.6803398063,0.4514767135,0.5773270522,0.5858798045,0.8165129973,0.6154512741
Northern Mariana Islands,145.6196188,15.82873009,2.541541804,0.2762634565,-0.7940123714,0.5432723647,0.2727627022,2.541541804,0.9620813418,0.2762634565
Norway,15.34832968,68.75014407,0.2678788876,1.199916375,0.3495092428,0.09593186154,0.9320087806,0.2678788876,0.3624356948,1.199916375
Oman,56.09165967,20.60515412,0.9789841441,0.3596277823,0.5221780598,0.7768386376,0.3519258515,0.9789841441,0.9360278816,0.3596277823
Pakistan,69.33958027,29.94975221,1.210203978,0.5227217862,0.3057130826,0.810739552,0.4992403127,1.210203978,0.8664635654,0.5227217862
Palau,134.4082215,7.28760993,2.345866007,0.1271927879,-0.6941130738,0.708601503,0.1268501109,2.345866007,0.9919218968,0.1271927879
Panama,-80.11915152,8.5175119,-1.398342988,0.1486586267,0.1697071749,-0.9743009817,0.1481116873,-1.398342988,0.9889706407,0.1486586267
Papua New Guinea,145.2074492,-6.46416276,2.534348087,-0.1128209235,-0.8160024479,0.5669791514,-0.1125817345,2.534348087,0.9936424674,-0.1128209235
Paraguay,-58.40014084,-23.22823896,-1.019274741,-0.4054092493,0.4815102443,-0.7826880424,-0.3943948694,-1.019274741,0.9189410683,-0.4054092493
Peru,-74.38242889,-9.15280281,-1.29821829,-0.1597465448,0.2657874377,-0.9508177609,-0.1590679836,-1.29821829,0.9872676317,-0.1597465448
Philippines,122.8839215,11.77539737,2.144729028,0.2055194548,-0.5315127237,0.8220993425,0.2040757104,2.144729028,0.9789551085,0.2055194548
Pitcairn Islands,-128.3170409,-24.36498595,-2.23955485,-0.425249227,-0.5647915917,-0.7147130547,-0.4125478244,-2.23955485,0.9109359432,-0.425249227
Poland,19.39011841,52.12759537,0.3384214086,0.9097981704,0.5790843433,0.2038155375,0.7893798515,0.3384214086,0.6139050822,0.9097981704
Portugal,-8.50105506,39.59550247,-0.1483714007,0.6910718871,0.7620972063,-0.1139105376,0.637363505,-0.1483714007,0.7705632761,0.6910718871
Puerto Rico,-66.47307314,18.22812711,-1.16017399,0.3181408345,0.3791486003,-0.8708626344,0.3128012323,-1.16017399,0.9498186085,0.3181408345
Qatar,51.18478512,25.30600936,0.8933430273,0.4416731839,0.5666605556,0.7044004668,0.427452684,0.8933430273,0.9040377221,0.4416731839
Republic of Serbia,20.78958121,44.22150308,0.3628466422,0.7718108289,0.6699880688,0.2543651902,0.69743411,0.3628466422,0.7166489114,0.7718108289
Republic of the Congo,15.21965722,-0.83788172,0.2656331295,-0.01462379476,0.9648233095,0.262492174,-0.01462327353,0.2656331295,0.9998930742,-0.01462379476
Romania,24.97293286,45.85242939,0.4358599023,0.8002758629,0.6313903281,0.2940590918,0.7175482591,0.4358599023,0.6965087909,0.8002758629
Russia,96.68657347,61.98052168,1.68749905,1.081764175,-0.05469927623,0.4665762985,0.8827879399,1.68749905,0.4697717032,1.081764175
Rwanda,29.91989113,-1.99033199,0.5222006121,-0.03473784643,0.8662007459,0.4984877482,-0.03473086039,0.5222006121,0.9993967017,-0.03473784643
Saint Barthelemy,-62.84068712,17.89881045,-1.096776894,0.3123931745,0.4343736092,-0.8466779916,0.3073368611,-1.096776894,0.9516007849,0.3123931745
Saint Helena,-9.54768684,-12.40367621,-0.1666385713,-0.2164849892,0.9631297196,-0.1619968084,-0.2147979919,-0.1666385713,0.9766584985,-0.2164849892
Saint Kitts and Nevis,-62.68754242,17.26458594,-1.094104015,0.3013238686,0.4381693266,-0.8484848205,0.2967846873,-1.094104015,0.9549444221,0.3013238686
Saint Lucia,-60.96969329,13.8947837,-1.064121892,0.2425097244,0.4710723185,-0.8487778341,0.2401396659,-1.064121892,0.9707383483,0.2425097244
Saint Martin,-63.05971623,18.08889331,-1.100599674,0.3157107463,0.4306694614,-0.8474186856,0.3104921679,-1.100599674,0.9505759379,0.3157107463
Saint Pierre and Miquelon,-56.30319339,46.91919986,-0.982676104,0.81889452,0.3789431942,-0.5682699612,0.7303912012,-0.982676104,0.6830290574,0.81889452
Saint Vincent and the Grenadines,-61.20129438,13.22471841,-1.068164093,0.2308148789,0.4689584381,-0.8530778823,0.228770868,-1.068164093,0.9734802977,0.2308148789
Samoa,-172.1648148,-13.75327339,-3.004842874,-0.2400399036,-0.9622604683,-0.1324153487,-0.2377413861,-3.004842874,0.9713284889,-0.2400399036
San Marino,12.45923029,43.94186939,0.2174545908,0.7669303003,0.7030870038,0.1553458376,0.6939281921,0.2174545908,0.7200442099,0.7669303003
Sao Tome and Principe,6.72429635,0.44390851,0.1173611112,0.007747665077,0.9930912793,0.1170883676,0.007747587567,0.1173611112,0.999969987,0.007747665077
Saudi Arabia,44.53687041,24.12245467,0.7773150272,0.4210162577,0.6505534077,0.6401204876,0.408688176,0.7773150272,0.9126740792,0.4210162577
Senegal,-14.47348904,14.36624381,-0.252610038,0.2507382556,0.9379853182,-0.2421165155,0.2481191968,-0.252610038,0.9687295103,0.2507382556
Seychelles,55.47601997,-4.66097821,0.9682392044,-0.08134941613,0.564876841,0.8211644246,-0.0812597211,0.9682392044,0.9966929606,-0.08134941613
Siachen Glacier,77.18011287,35.39236619,1.347047087,0.6177133201,0.180883348,0.7948838632,0.5791725636,1.347047087,0.8152049691,0.6177133201
Sierra Leone,-11.79271209,8.56329069,-0.2058216537,0.1494576173,0.9679806743,-0.2020932032,0.1489018182,-0.2058216537,0.9888519851,0.1494576173
Singapore,103.8172532,1.35877066,1.811952889,0.0237150218,-0.2387587248,0.9707893564,0.02371279896,1.811952889,0.999718812,0.0237150218
Sint Maarten,-63.05713283,18.05081813,-1.100554585,0.315046209,0.4308010651,-0.8475830171,0.3098604063,-1.100554585,0.9507820616,0.315046209
Slovakia,19.47905212,48.70547175,0.3399735947,0.8500708458,0.6221578213,0.2200616816,0.7513271603,0.3399735947,0.6599299192,0.8500708458
Slovenia,14.8044464,46.11555444,0.2583863336,0.8048682614,0.6701942139,0.1771285912,0.7207393272,0.2583863336,0.6932061903,0.8048682614
Solomon Islands,159.6328471,-8.92175696,2.786118776,-0.155714034,-0.926139121,0.3438238004,-0.1550855337,2.786118776,0.9879010463,-0.155714034
Somalia,45.70716243,4.75065195,0.7977404761,0.08291451814,0.6959267564,0.7133210164,0.0828195471,0.7977404761,0.9965645602,0.08291451814
Somaliland,46.2519833,9.73345795,0.8072493942,0.1698808888,0.6815340189,0.7119890606,0.1690649537,0.8072493942,0.9856049114,0.1698808888
South Africa,25.08388384,-29.0003377,0.4377963622,-0.5061513771,0.7921300571,0.370789167,-0.4848147752,0.4377963622,0.8746168497,-0.5061513771
South Georgia and South Sandwich Islands,-36.43320448,-54.46487151,-0.6358793752,-0.9505913345,0.467605919,-0.3451672845,-0.8137593318,-0.6358793752,0.5812019871,-0.9505913345
South Korea,127.8391693,36.3852463,2.231214417,0.6350423471,-0.4938534769,0.6357741215,0.5932116063,2.231214417,0.8050465764,0.6350423471
South Sudan,30.24790056,7.30877585,0.5279254566,0.1275622029,0.8568351236,0.4996494018,0.1272165331,0.5279254566,0.9918749688,0.1275622029
Spain,-3.64754874,40.24448626,-0.06366173514,0.702398791,0.7617484204,-0.04855984529,0.6460505286,-0.06366173514,0.7632946446,0.702398791
Sri Lanka,80.70107795,7.61266309,1.40849952,0.1328660358,0.1601610883,0.9781608655,0.1324754582,1.40849952,0.9911862857,0.1328660358
Sudan,29.94047226,15.99035431,0.5225598205,0.2790843313,0.8330161515,0.4797888356,0.2754755244,0.5225598205,0.9613080856,0.2790843313
Suriname,-55.91234833,4.13055377,-0.9758545709,0.07209176322,0.5590047305,-0.8260299549,0.07202933329,-0.9758545709,0.9974025141,0.07209176322
Swaziland,31.48193159,-26.55842734,0.5494633611,-0.4635320012,0.7628159715,0.467123401,-0.4471101898,0.5494633611,0.8944788864,-0.4635320012
Sweden,16.74371219,62.79232016,0.2922329067,1.095932732,0.437832496,0.1317202249,0.8893550966,0.2922329067,0.457217139,1.095932732
Switzerland,8.20866006,46.79785296,0.1432681452,0.816776617,0.6775607255,0.09774253195,0.7289429749,0.1432681452,0.684574422,0.816776617
Syria,38.50787939,35.02547248,0.6720892833,0.6113098168,0.6408053322,0.5098634749,0.5739405572,0.6720892833,0.8188969635,0.6113098168
Taiwan,120.9542726,23.75400343,2.111050301,0.4145855704,-0.470779472,0.7849269224,0.4028106445,2.111050301,0.9152833358,0.4145855704
Tajikistan,71.01363312,38.53045125,1.239421712,0.6724832366,0.2545085394,0.7397181992,0.622930485,1.239421712,0.7822771956,0.6724832366
Thailand,101.0028835,15.11816347,1.762832871,0.2638617294,-0.1842527878,0.9476437943,0.2608105623,1.762832871,0.9653899992,0.2638617294
The Bahamas,-76.62835738,24.29031222,-1.337417137,0.4239459246,0.2107930611,-0.8867632326,0.4113602493,-1.337417137,0.911472844,0.4239459246
Togo,0.96232118,8.52529798,0.01679567305,0.1487945195,0.9888110187,0.01660930841,0.1482460799,0.01679567305,0.9889505042,0.1487945195
Tonga,-174.8097544,-20.42814141,-3.051005779,-0.3565383277,-0.9332683437,-0.08477387376,-0.3490323609,-3.051005779,0.9371106717,-0.3565383277
Trinidad and Tobago,-61.26565805,10.45735757,-1.069287451,0.1825153207,0.4727640386,-0.8622937872,0.1815036868,-1.069287451,0.9833902642,0.1825153207
Tunisia,9.55288287,34.11956663,0.1667292591,0.595498777,0.8163886422,0.1373913368,0.5609217462,0.1667292591,0.8278688269,0.595498777
Turkey,35.16895529,39.06160342,0.6138140643,0.6817535908,0.6347300036,0.4472379022,0.6301556009,0.6138140643,0.7764688781,0.6817535908
Turkmenistan,59.37099935,39.11554017,1.036219419,0.6826949647,0.3952906478,0.6676285039,0.6308862691,1.036219419,0.7758753221,0.6826949647
Turks and Caicos Islands,-71.97385725,21.83047424,-1.256180784,0.3810136528,0.2872596178,-0.8827235388,0.3718616222,-1.256180784,0.928288174,0.3810136528
Tuvalu,178.5198949,-7.76005828,3.115759946,-0.1354385671,-0.9905116187,0.02559328999,-0.1350248748,3.115759946,0.990842209,-0.1354385671
Uganda,32.36907536,1.27469024,0.5649469409,0.02224754163,0.8444079937,0.5352385158,0.02224570643,0.5649469409,0.9997525337,0.02224754163
Ukraine,31.38325794,48.99656784,0.5477411811,0.855151431,0.5601181566,0.3416729726,0.7546702793,0.5477411811,0.6561042368,0.855151431
United Arab Emirates,54.30015737,23.90527175,0.9477165305,0.4172257006,0.5334810665,0.7424217667,0.405225705,0.9477165305,0.9142166745,0.4172257006
United Kingdom,-2.86563362,54.12387156,-0.05001474182,0.9446397626,0.5853019895,-0.0292981615,0.8102858747,-0.05001474182,0.5860348123,0.9446397626
United Republic of Tanzania,34.81310214,-6.27565815,0.6076032552,-0.1095308974,0.8160987134,0.5674801952,-0.1093120214,0.6076032552,0.9940074859,-0.1095308974
United States of America,-112.4616706,45.67955203,-1.962826434,0.7972585838,-0.2669378121,-0.6456662422,0.7154434346,-1.962826434,0.6986706605,0.7972585838
United States Virgin Islands,-64.80300497,17.95501398,-1.131025802,0.3133741112,0.4049982055,-0.8607821756,0.3082701732,-1.131025802,0.9512988491,0.3133741112
Uruguay,-56.01806795,-32.79951982,-0.9776997263,-0.5724596139,0.4698216418,-0.6970132509,-0.5417011657,-0.9776997263,0.8405711434,-0.5724596139
Uzbekistan,63.14001799,41.75554081,1.102001204,0.7287716681,0.3370483753,0.6655102665,0.6659538106,1.102001204,0.7459929772,0.7287716681
Vanuatu,167.6863674,-16.22630588,2.926679222,-0.283202463,-0.938076751,0.2047676318,-0.2794319707,2.926679222,0.9601654929,-0.283202463
Vatican,12.43386255,41.90174097,0.2170118402,0.7313233422,0.7268340482,0.1602552221,0.6678551716,0.2170118402,0.7442912534,0.7313233422
Venezuela,-66.18184085,7.12422395,-1.155091028,0.1243411646,0.4007174876,-0.9077688493,0.1240210114,-1.155091028,0.992279592,0.1243411646
Vietnam,106.2991386,16.64601451,1.855269961,0.2905277605,-0.2688909355,0.919586609,0.2864579086,1.855269961,0.9580928278,0.2905277605
Wallis and Futuna,-177.3481331,-13.88724988,-3.095308845,-0.2423782345,-0.9697303142,-0.04491488905,-0.2400120215,-3.095308845,0.9707699159,-0.2423782345
West Bank,35.24782134,31.94798033,0.6151905365,0.5575974461,0.6929625555,0.4896980053,0.5291490908,0.6151905365,0.848528868,0.5575974461
Western Sahara,-12.2198297,24.22956358,-0.2132762623,0.4228856608,0.8912470957,-0.1930173408,0.4103936166,-0.2132762623,0.9119084819,0.4228856608
Yemen,47.58676005,15.90927655,0.8305456432,0.2776692574,0.6486386329,0.7100203734,0.2741149271,0.8305456432,0.9616969412,0.2776692574
Zambia,27.77475082,-13.45824537,0.4847608507,-0.2348906932,0.8604899936,0.4532004059,-0.2327366817,0.4847608507,0.9725397868,-0.2348906932
Zimbabwe,29.85145031,-19.00420587,0.5210060944,-0.3316859642,0.8200453368,0.4706228052,-0.3256375606,0.5210060944,0.9454946743,-0.3316859642