year,oil_longitude,oil_latitude,oil_total,gas_longitude,gas_latitude,gas_total,coal_longitude,coal_latitude,coal_total,nuclear_longitude,nuclear_latitude,nuclear_total,hydro_longitude,hydro_latitude,hydro_total,biodiesel_longitude,biodiesel_latitude,biodiesel_total,fuel_ethanol_longitude,fuel_ethanol_latitude,fuel_ethanol_total,wind_longitude,wind_latitude,wind_total,solar_tidal_wave_longitude,solar_tidal_wave_latitude,solar_tidal_wave_total,geothermal_longitude,geothermal_latitude,geothermal_total,biomass_waste_longitude,biomass_waste_latitude,biomass_waste_total,oil_delta,gas_delta,coal_delta,nuclear_delta,hydro_delta,biodiesel_delta,fuel_ethanol_delta,wind_delta,solar_tidal_wave_delta,geothermal_delta,biomass_delta
1900,5.364704912,53.19681325,801680168,-112.4616706,45.67955203,279208955.3,-31.34418597,47.41571518,18254577320,,,,-105.9504759,45.25386773,10939326.3,,,,,,,,,,,,,,,,,,,,,,,,,,,,,
1901,7.989324222,52.70375625,896840500.8,-112.4616706,45.67955203,306463914.3,-33.9042959,47.73741063,18584554878,,,,-104.9350306,45.50530983,12420195.79,,,,,,,,,,,,,,,,,,,114.4248568,0,121.3577805,,52.2459721,,,,,,
1902,-7.406612146,52.18757105,973786241.2,-112.4616706,45.67955203,333718873.4,-34.82506533,47.65341933,19034373438,,,,-103.6233683,45.47494477,14423122.98,,,,,,,,,,,,,,,,,,,648.0230816,0,43.20528252,,63.55751716,,,,,,
1903,-13.65595451,50.43866637,1040850863,-112.4616706,45.67955203,360973832.4,-37.99186462,47.47209985,20770595194,,,,-103.4395038,45.47068829,16484056.57,,,,,,,,,,,,,,,,,,,295.5408558,0,148.1447828,,8.912115161,,,,,,
1904,-18.12717329,49.90737412,1168789525,-112.4616706,45.67955203,388228791.4,-36.61823537,47.5086025,20876307875,,,,-102.7548383,44.82571694,18824785.77,,,,,,,,,,,,,,,,,,,201.1770593,0,64.17083457,,55.66046525,,,,,,
1905,-37.49489892,47.72275614,1149543169,-112.4616706,45.67955203,415483750.4,-38.13539394,46.73386546,22506493747,,,,-100.6613178,44.62209903,21332709.93,,,,,,,,,,,,,,,,,,,891.2792112,0,89.1649038,,103.7143393,,,,,,
1906,-30.85549749,47.9139207,1144939917,-112.4616706,45.67955203,442738709.4,-37.24862673,47.20200421,23767190673,,,,-97.43769532,44.36520129,24311509.63,,,,,,,,,,,,,,,,,,,308.1796901,0,52.85376981,,159.8353732,,,,,,
1907,-39.2619857,47.33077923,1415698445,-112.4616706,45.67955203,469993668.4,-39.46101601,47.12765288,26290591658,,,,-96.24257716,44.12394961,27716827.05,,,,,,,,,,,,,,,,,,,393.3033361,0,104.0379071,,61.44826174,,,,,,
1908,-41.36155555,46.94823255,1530462283,-112.4616706,45.67955203,497248627.4,-34.17484816,47.04143808,24985651444,,,,-95.97858689,43.82969852,31367818.67,,,,,,,,,,,,,,,,,,,102.136973,0,248.6868955,,24.19634137,,,,,,
1909,-38.45003009,46.91095947,1608201687,-112.1138889,46.06489367,537716031.1,-37.34313486,47.11198525,26108142404,,,,-95.2280218,43.42097914,34875500.35,,,,,,,,,,,,,,,,,,,137.3731722,31.44042882,149.1285427,,46.96821178,,,,,,
1910,-44.08140511,46.89074674,1749196126,-112.1237696,46.0539459,566297249.1,-39.14113579,46.38137627,27509071108,,,,-94.08708536,43.52536871,38601559.08,,,,,,,,,,,,,,,,,,,265.7603174,0.8923905468,98.94995206,,57.6517695,,,,,,
1911,-48.55964153,45.74511714,1852808982,-112.1327008,46.04405011,594878467.1,-36.90146248,46.36157804,27999052596,,,,-94.32498284,45.25968655,41000294.7,,,,,,,,,,,,,,,,,,,227.8159086,0.8066827643,106.7621724,,120.3869566,,,,,,
1912,-49.42967873,45.60680219,1882650754,-112.1408132,46.03506162,623459685.1,-38.27557042,46.30581825,29381750938,,,,-91.89159449,43.56551456,46664449.92,,,,,,,,,,,,,,,,,,,43.06960164,0.7327566593,65.65622102,,167.6688653,,,,,,
1913,-54.48755561,44.85823786,2075709561,-112.1482143,46.02686112,652040903.1,-37.96719379,46.39254901,31482149854,,,,-73.62799464,43.05602806,55512133.36,,,,,,,,,,,,,,,,,,,251.3989552,0.6685474485,15.8789777,,916.9066158,,,,,,
1914,-56.34503626,44.95326412,2138012197,-112.1549939,46.01934935,680622121,-37.2416062,46.17561902,28255885686,,,,-70.30435262,42.97527501,61285477.12,,,,,,,,,,,,,,,,,,,91.12089284,0.6124236293,37.74388387,,167.9644412,,,,,,
1915,-58.64367514,44.26296949,2294879919,-112.1612271,46.01244304,709203339,-39.87115978,46.07326652,27809211274,,,,-67.46497984,42.93797017,68273543.32,,,,,,,,,,,,,,,,,,,122.6931894,0.5630824341,126.0994793,,143.5756074,,,,,,
1916,-59.94063002,43.8893188,2461827175,-112.1669773,46.00607181,737784556.9,-41.85575665,46.06886494,29829576120,,,,-65.69999108,42.86276176,73569187.25,,,,,,,,,,,,,12.07000946,42.79663568,40945.70043,,,,69.35077213,0.5194732608,95.11546445,,89.46908629,,,,,,
1917,-67.59169955,42.69232038,2721315672,-112.1722986,46.00017581,766365774.9,-45.00480207,45.92476078,31064688906,,,,-57.62813742,42.9313174,83184602.57,,,,,,,,,,,,,12.07000946,42.79663568,68242.83405,,,,393.3622268,0.4807413052,151.4474141,,408.3803301,,,,,0,
1918,-81.69853435,40.93879508,2701791533,-112.1772373,45.99470377,794946992.9,-49.48354859,45.58422277,30509576099,,,,-7.729025869,46.59963388,46985191.24,,,,,,,,,,,,,12.07000946,42.79663568,71654.97575,,,,735.4589142,0.4461854628,217.1332817,,2419.48049,,,,,0,
1919,-81.26056993,40.40746669,3076996266,-112.1818331,45.98961156,823528210.9,-46.39287136,45.06872057,25876514489,,,,-67.2762388,45.97579615,120864883.4,,,,,,,,,,,,,12.07000946,42.79663568,47769.98383,,,,43.28869523,0.4152261863,154.2708439,,2773.150796,,,,,0,
1920,-86.64583293,38.73510105,3942328298,-112.1861207,45.98486095,852109428.8,-49.5310238,45.29322448,29657403052,,,,-62.8691318,45.68819058,115303092.4,,,,,,,,,,,,,12.07000946,42.79663568,23884.99192,,,,309.1047035,0.3873811162,153.5872998,,213.0369287,,,,,0,
1921,-87.01539156,38.02813136,4268048069,-107.2940814,45.81353557,909629674.3,-43.06050239,44.55737274,24765368150,,,,-64.41157308,45.77036511,130036720.3,,,,,,,,,,,,,12.07000946,42.79663568,64830.69235,,,,52.78123291,235.45439,320.4587342,,74.59750323,,,,,0,
1922,-86.55293105,38.86086257,4764127853,-106.9512502,45.77074274,1065770369,-37.7175,45.58197235,26139099912,,,,-59.44839692,45.86349761,159012627.6,,,,,,,,,,,,,12.07000946,42.79663568,68242.83405,,,,62.73409545,16.77651394,270.0651068,,239.0153369,,,,,0,
1923,-87.89535986,40.26788139,5634579021,-106.6960357,45.73888639,1221911063,-47.86392184,45.38597724,30446343465,,,,-53.38786384,45.77797883,175182767.1,,,,,,,,,,,,,12.07000946,42.79663568,85303.54256,,,,120.6595962,12.49708,491.3019564,,291.7726306,,,,,0,
1924,-84.97614906,40.0060244,5618666054,-106.4986555,45.71424903,1378051756,-40.03581109,45.12859293,29647668932,,,,-48.50651703,45.92394006,202360475.8,,,,,,,,,,,,,12.07000946,42.79663568,92127.82597,,,,155.2279701,9.669848044,380.9426908,,235.0632094,,,,,0,
1925,-83.46866414,40.24098205,5891091277,-106.3414516,45.69462654,1534192450,-40.52695949,45.07807791,29722937170,,,,-45.64908818,45.8768058,241221357.7,,,,,,,,,,,,,12.07000946,42.79663568,105776.3928,,,,81.26964015,7.704529206,24.20192476,,137.4045615,,,,,0,
1926,-80.7149484,40.02590382,6046292304,-106.2132905,45.67862923,1690333144,-46.58782411,44.40357257,29589436158,,,,-44.88845363,46.11446587,268921124,,,,,,,,,,,,,12.07000946,42.79663568,143309.9515,,,,146.1954756,6.283091524,300.9600826,,40.02733868,,,,,0,
1927,-79.45402277,40.03761039,6903171814,-106.1068043,45.66533743,1846473838,-37.56055423,45.34691109,31885417116,,,,-44.10066175,45.84483602,303093723.2,,,,,,,,,,,,,12.07000946,42.79663568,174019.2268,,,,66.70290387,5.221800024,446.4709374,,42.15766534,,,,,0,
1928,-75.7899251,38.77022367,7249407804,-104.2481037,45.13694207,1960637228,-36.13047202,45.36343899,31319793120,,,,-35.07803571,46.2896389,361878100.4,,,,,,,,,,,,,12.07000946,42.79663568,201316.3604,,,,214.2699846,97.26507541,69.43288135,,433.3193296,,,,,0,
1929,-75.27260839,38.60555592,8126803533,-103.4686516,45.1466427,2055472478,-35.99608536,45.51706726,33307902963,,,,-35.70605344,45.42427621,332100339.7,,,,,,,,,,,,,12.07000946,42.79663568,204728.5021,,,,30.12612865,37.98726578,12.45283711,,66.98409323,,,,,0,
1930,-67.43238094,38.78971564,7749773373,-102.4633492,45.12730444,2153143164,-33.22745304,45.56598555,30436307435,,,,-27.95611111,45.63949932,355418916.2,,,,,,,,,,,,,12.07000946,42.79663568,194492.077,,,,422.7814025,49.00886933,133.9979723,,375.1981795,,,,,0,
1931,-62.57531401,39.74460829,7498221518,-101.545294,45.10964448,2250813849,-28.31566165,45.73909299,26842203822,,,,-29.54827632,45.62986294,369487176.4,,,,,,,,,,,,,12.07000946,42.79663568,180843.5102,,,,267.9849974,44.77009163,237.4541974,,76.91178153,,,,,0,
1932,-59.78290141,39.17955825,7156549097,-100.7036005,45.09345344,2348484535,-22.83084087,45.92298377,23865991559,,,,-26.81507731,45.37841711,395402392.6,,,,,,,,,,,,,12.07000946,42.79663568,170607.0851,,,,153.9583589,41.05842143,264.2696948,,133.4638988,,,,,0,
1933,-62.87753855,39.45542456,7814734785,-99.92912168,45.07855536,2446155222,-22.44996948,45.96598332,24985987518,,,,-26.75240634,45.80058744,416131153.4,,,,,,,,,,,,,12.07000946,42.79663568,259322.7694,,,,166.4828313,37.78994332,18.53572751,,29.32200405,,,,,0,
1934,-59.3498303,38.91989371,8246765871,-99.21411537,45.0648013,2543825907,-21.40706164,46.07757716,27264380070,,,,-25.42548992,46.51774801,488663049.7,,,,,,,,,,,,,12.07000946,42.79663568,249086.3443,,,,192.467708,34.89680105,50.61905728,,80.53487294,,,,,0,
1935,-60.1929504,38.94902605,8965944649,-98.55198451,45.05206437,2641496593,-19.29374466,46.05475479,28438820864,,,,-23.95235003,46.82608461,519600938.5,,,,,,,,,,,,,12.07000946,42.79663568,279795.6196,,,,45.35189568,32.32364483,101.3050027,,73.00709724,,,,,0,
1936,-60.69409459,39.19052531,9764529527,-97.12105645,43.9677198,2833856995,-21.25266424,46.12274338,31240084845,,,,-22.53992125,47.07858106,596432133.2,,,,,,,,,,,,,12.07000946,42.79663568,317329.1783,,,,31.63565242,102.8614739,93.97176089,,68.8509513,,,,,0,
1937,-63.55101666,38.9115819,11113837966,-100.8248111,44.70675557,3009332620,-19.56182178,45.96978732,32820758496,,,,-20.59168643,47.34681672,595807711.3,,,,,,,,,,,,,12.07000946,42.79663568,85303.54256,,,,154.4718187,189.9757948,81.75892515,,93.28125144,,,,,0,
1938,-60.68703403,38.80803012,10849349384,-101.3272414,44.78243314,3225515004,-11.11168084,45.9059446,30621866198,,,,-20.5880719,47.48727531,622883055.6,,,,,,,,,,,,,12.07000946,42.79663568,692664.7656,,,,154.2254968,25.20085007,405.8070453,,9.704859607,,,,,0,
1939,-61.65937579,38.50374519,11303682432,-101.7665537,44.84860368,3441697388,-13.09107109,45.62277127,32346453061,,,,-22.22800511,47.12640513,645979842.8,,,,,,,,,,,,,12.07000946,42.79663568,1665125.151,,,,56.51091275,22.00910501,97.37616754,,80.76259252,,,,,0,
1940,-63.8505484,39.11836113,11667775866,-102.1539389,44.9069528,3657879773,-13.74871757,45.73822679,35675758924,,,,-23.62595467,46.53494536,684639408.3,,,,,,,,,,,,,12.07000946,42.79663568,1828907.953,,,,125.3585605,19.38755422,32.7285553,,77.68444669,,,,,0,
1941,-66.3593881,38.96990203,12019011940,-102.49809,44.95878987,3874062158,-16.85971293,45.42625175,36980820207,,,,-34.40508499,46.74529876,705200974.2,,,,,,,,,,,,,12.07000946,42.79663568,2214479.965,,,,134.9964562,17.20802421,151.9445235,,511.0747798,,,,,0,
1942,-67.8416023,40.85888033,11313325451,-102.8058621,45.00514743,4090244542,-25.11853811,44.77962267,37614679078,,,,-33.98476197,47.19607722,801709990.1,,,,,,,,,,,,,12.07000946,42.79663568,3047042.54,,,,152.3024685,15.37643829,405.0014549,,36.91050916,,,,,0,
1943,-69.84157559,39.80253462,12174847898,-103.0827339,45.0468507,4306426927,-22.86278669,45.15474028,38657528932,,,,-35.1956527,46.9131367,767643167.4,,,,,,,,,,,,,12.07000946,42.79663568,3101636.808,,,,128.1316616,13.82248092,113.2557336,,60.25063796,,,,,0,
1944,-68.54101713,39.89347612,13983410102,-103.3331366,45.08456711,4522609312,-28.00557071,44.66820444,37118776643,,,,-41.80576118,47.65805814,755806447.9,,,,,,,,,,,,,12.07000946,42.79663568,951987.535,,,,69.26486506,12.4927449,253.800651,,313.910484,,,,,0,
1945,-76.8664701,38.09194846,13967060621,-102.8844549,45.09797101,4764667444,-37.00292555,44.60207002,29782820845,,,,-32.14538447,46.42873548,843913747.3,,,,,,,,,,,,,12.07000946,42.79663568,313917.0366,,,,463.8222503,21.90248961,442.1051293,,462.3174941,,,,,0,
1946,-73.38435846,37.41665834,14857075610,-102.4754431,45.11979755,5271342280,-31.04337005,45.18149508,32067884995,,,,-29.92751766,46.53901801,883959665.9,,,,,,,,,,,,,12.07000946,42.79663568,815501.8669,,,,195.8189495,19.99891789,294.3347717,,105.7709824,,,,,0,
1947,-70.18895901,37.04090301,16366466110,-101.0538929,45.22340043,5959556993,-31.7477446,45.34278023,36030932224,,,,-24.52550653,45.77528762,974357536,,,,,,,,,,,,,12.07000946,42.79663568,2292959.224,,,,177.6641656,69.6017698,36.01719068,,263.7752591,,,,,0,
1948,-65.3596061,36.46606885,18524081811,-99.19486547,45.0813643,6368111346,-26.60113928,45.61976411,37229127099,,,,-25.06524576,46.18849215,1007066326,,,,,,,,,,,,,12.07000946,42.79663568,2992448.273,,,,270.2122062,91.0986159,249.9782807,,38.55105624,,,,,0,
1949,-57.02700355,35.92774878,18417849863,-100.6100763,44.9856819,7291844017,-11.77295006,45.76568509,35396366607,,,,-24.33932495,46.17562547,1094669652,,,,,,,,,,,,,12.07000946,42.79663568,3603221.638,,,,465.8813842,69.40644915,714.5840647,,34.7330406,,,,,0,
1950,-53.71563376,35.59554735,20662490840,-100.7875865,44.98728387,8651053278,-13.9191471,45.70673302,38668353740,,,,-23.327932,46.08233522,1238829227,,,,,,,,,,,,,12.07000946,42.79663568,4360717.096,,,,187.0334952,8.674030971,103.5618925,,48.84964852,,,,,0,
1951,-54.63329389,35.56670296,23431981928,-100.3753399,45.01724604,9318423456,-11.95241264,45.82247864,40737934204,,,,-23.40644387,45.79690211,1321515657,,,,,,,,,,,,,12.07000946,42.79663568,5408244.598,,,,51.59721444,20.24332356,95.11761731,,20.07625491,,,,,0,
1952,-52.5797322,35.55855444,24629859244,-99.36836912,44.95396055,9854733432,-5.426174132,45.6298859,40503832486,,,,-20.57677624,45.89820801,1371046306,,,,,,,,,,,,,12.07000946,42.79663568,6274928.591,,,,115.4056809,49.39590809,314.9306596,,136.3405853,,,,,0,
1953,-49.02157032,35.91529959,26043216381,-98.59942667,44.93613955,10336855080,-2.797007496,45.742342,40683597943,,,,-19.26053446,45.5807318,1454759791,,,,,,,,,,,,,12.07000946,42.79663568,6414826.401,,,,201.0309803,37.6184699,127.1181507,,67.14458809,,,,,0,
1954,-44.94875418,35.60342407,27265379818,-97.27261784,44.94020588,11244400953,3.556142376,45.72282481,40158990288,,,,-17.88170509,45.5599237,1574362182,,,,,,,,,,,,,12.07000946,42.79663568,6418238.542,,,,229.3188111,64.88373218,306.2772533,,66.69600838,,,,,0,
1955,-42.06271225,35.70952206,30557379706,-95.34159318,45.03709708,12197290675,2.104470847,45.76957549,43634065799,,,,-17.58380246,45.47461056,1733299742,,,,,,,,,,,,,12.07000946,42.79663568,6343171.425,,,,162.1599714,94.5831384,70.05740322,,15.5783311,,,,,0,
1956,-40.77454009,35.76818504,33254250522,-91.83957112,45.14174629,13269654512,2.576496996,45.73792446,46112220758,-2.86563362,54.12387156,599709.7538,-14.36784899,45.60804577,1884327958,,,,,,,,,,,,,12.07000946,42.79663568,6070200.089,,,,72.34645167,170.944329,22.85770278,,155.8687416,,,,,0,
1957,-37.77516934,35.41749177,35045312432,-87.23366128,45.44905735,14287869599,6.283776651,45.69369967,47407470321,-5.481290827,53.92233649,4332385.979,-13.27774566,45.32543847,2069498064,,,,,,,,,,,,,12.07000946,42.79663568,6182800.765,,,,170.2212969,224.8065385,178.8322505,107.0723155,56.30784841,,,,,0,
1958,-29.6068123,35.52220475,35922946260,-84.54758292,45.66494842,15953712965,18.17043131,45.10227066,48905745943,-40.97056785,51.11741547,4901076.263,-12.37144138,45.22254445,2131353369,,,,,,,,,,,,,12.07000946,42.79663568,6585433.486,,,,459.5030882,130.7786608,577.5212721,1488.639946,44.62974842,,,,,0,
1959,-27.65078589,35.59118619,38764859201,-81.13680877,45.80195138,17359978053,21.13637565,44.89432869,50687307377,-17.11918635,52.78614879,14785947.38,-12.7785128,45.20599827,2323317049,,,,,,,,,,,,,12.5287575,42.5531601,7114315.449,,,,110.0346523,164.7276682,145.5912286,1017.466544,19.84365866,,,,,28.73705789,
1960,-22.67379918,35.37189278,41767489134,-76.48563874,46.03769794,18645569612,24.5532677,44.50871007,52806053878,-23.42614362,52.14149163,28196698.26,-9.003037386,45.19333674,2453353769,,,,,,,,,,,,,21.97095489,36.63723591,7868398.766,,,,280.3597575,224.090875,169.8690963,269.1191964,183.7715835,,,,,647.1172108,
1961,-20.25838936,35.45278782,44458129686,-72.58362699,46.44479271,20386670934,20.4806549,44.66392439,49748023794,-45.04227861,50.38618169,45060950.11,-9.764490044,45.27763893,2582967384,,,,,,,,,,,,,29.94342489,31.16544896,9451632.516,,,,136.1070594,188.5265472,200.6419992,938.8370998,37.49825532,,,,,592.7786199,
1962,-17.50568695,35.21957165,48226089968,-69.18046975,46.78109128,22299635547,20.05325241,44.60027255,50947773084,-41.00440994,50.62987464,67012395.06,-6.048420524,44.72558455,2716214930,,,,,,,,,,,,,34.48048604,28.75028891,10021460.18,,,,155.9618888,163.1464945,21.46719289,178.2057718,185.4678211,,,,,318.6710826,
1963,-14.6917326,35.40566504,51741863465,-65.63883064,47.12884773,24357569455,18.45477221,44.51985772,52500163269,-34.31897873,51.12444993,115320049.7,-7.70222789,44.79724184,2819329852,,,,,,,,,,,,,41.98462522,23.75546214,11451147.55,,,,159.1455131,168.7085772,78.87680332,293.3595589,81.27285405,,,,,578.7380719,
1964,-11.48544341,35.21737246,55879750613,-61.6433589,47.33769047,26098722059,18.81800342,44.3887394,54828621430,-24.64454541,50.31317092,160380999.8,-6.626506558,44.4589813,3109303890,,,,,,,,,,,,,48.12038201,20.21080434,12744349.26,,,,181.2098284,187.9565032,20.07194634,426.5891778,57.82030356,,,,,462.9994972,
1965,-8.806371794,35.12782801,59951525536,-59.81936123,47.36340425,28083474018,19.08174814,44.21033412,55917279693,-16.95871934,50.97794598,255321257.7,-5.576176914,44.35421278,3331894954,,,,,,,,,,,,,54.2031128,17.41729773,13508669,,,,151.4099672,85.38858701,17.9430354,339.7024449,52.3391793,,,,,442.0437201,
1966,-6.666625292,35.26839482,65053278121,-58.10407038,47.52248142,30217874461,19.66906522,44.0780389,56694855483,-11.48994011,51.3319313,363786004.6,-10.55659526,44.48555972,3399042491,,,,,,,,,,,,,55.40999951,16.87888409,13907889.58,,,,121.1816515,80.89163219,30.51613609,238.2025508,245.8710912,,,,,87.92434051,
1967,-6.13511388,35.25540303,69864589310,-56.22048878,47.45464288,33054760182,15.98563498,44.3327936,54685353709,-14.72510742,51.26173813,438718704.3,-8.011606158,44.49281665,3559389265,,,,,,,,,,,,,53.51591933,18.0627611,14757512.86,,,,29.99503702,88.05271451,183.2429395,139.8434932,125.420791,,,,,149.2202171,
1968,-3.28240747,35.07172968,76293943620,-55.20874319,47.61718099,36299546493,19.16759497,43.83049391,56217924034,-21.3475304,51.09377933,545394661.7,-10.45541728,44.24094013,3769618140,,,,,,,,,,,,,43.70235836,22.41825782,14945180.66,,,,161.6045014,48.50528761,161.6648159,286.9908991,121.9338818,,,,,703.3890904,
1969,-0.5227529652,34.66097957,82115390870,-52.19361654,47.52082294,40179670947,20.02094153,43.54070328,57354826542,-17.26715888,50.2732483,643333468.4,-9.063472435,43.71538709,3950485535,,,,,,,,,,,,,41.94506302,21.7075603,16415813.73,,,,158.9707512,140.6862646,47.09719467,187.3829564,78.1426404,,,,,122.7549725,
1970,2.162143835,34.09945342,90303147807,-49.24536457,47.55335687,42958725990,18.85692447,43.48957928,59641526080,-16.53889854,48.62033385,814292107.6,-8.881671655,43.42151109,4143981267,,,,,,,,,,,,,46.37192926,20.75598868,16204260.94,,,,157.9131711,137.5143272,58.42236898,118.7982433,22.24816275,,,,,292.5335052,
1971,6.815087909,33.77211334,95798637184,-46.47381304,47.49597802,45513909415,22.59087798,43.41529512,59100977589,-25.87215946,48.64396115,1121384861,-10.38050881,43.13684207,4333126518,,,,,,,,,,,,,44.33600075,21.3457005,15852810.35,,,,267.6224112,129.3475417,187.315892,425.9282894,77.90486478,,,,,137.4377512,
1972,9.761888775,33.66152443,101115115611,-42.97735298,47.27620433,48066285269,20.23104536,42.78284496,58891968399,-29.098265,48.71621237,1531555313,-12.54886522,43.04067858,4401546783,,,,,,,,,,,,,18.75945317,25.28536177,18698536.53,,,,169.498913,164.2303924,126.7965197,147.2493911,109.5953041,,,,,1642.68944,
1973,13.322848,33.14545176,110334516908,-36.71530003,47.2850509,49139055098,21.41429088,42.70495427,59942090086,-38.64920826,48.76766083,2049890657,-12.44303594,42.69067885,4830783973,,,,,,,,,,,,,5.181300707,26.72697544,20698051.57,,,,208.427856,293.4047026,60.27172466,434.9106339,24.76592302,,,,,848.4955925,
1974,16.47468879,33.33605306,110717340817,-30.75828755,47.42909086,49300986355,21.60151056,42.46086165,60466332164,-35.80663306,47.93272605,2640677143,-11.20270096,41.97311034,4883170585,,,,,,,,,,,,,-7.536227292,28.09209811,23581311.31,,,,182.58103,278.8922874,19.36605361,142.6944627,80.43433438,,,,,785.2529425,
1975,18.73845648,34.41999247,105114309947,-26.42170508,47.35236226,51409613198,21.04549413,42.33640374,64063846266,-41.08546968,47.48168272,3637094899,-9.347034379,41.40601674,4904776266,,,,,,,,,,,,,-15.84886844,29.03427842,27082168.7,,,,149.8784369,202.8617796,29.6402673,247.358852,103.4348906,,,,,508.4449065,
1976,22.15763361,33.9614447,114022555210,-17.09978454,48.21195778,56276297957,20.43404051,41.96410716,65888392343,-36.3978063,47.77946071,4240744126,-6.022888973,41.06619306,5022324548,,,,,,,,,,,,,-21.89492363,29.21377986,29439958.61,,,,197.9265846,436.5085923,40.52471907,219.2053931,174.26937,,,,,365.0451871,
1977,22.64742061,34.14351107,118135283204,-19.95749192,47.31814389,54552564169,21.16914853,41.58707738,67887097891,-43.18200371,48.54089896,5222065739,-8.795143494,41.2307927,5444157390,,,,,,,,,,,,,-19.80012571,29.38997195,30323703.31,,,,30.72643595,146.3510974,45.96447605,316.9629671,144.6552547,,,,,126.7841189,
1978,21.35668709,34.76715736,119442448075,-18.28016427,47.04849961,58823461134,24.42440298,41.2831814,68940594801,-34.56475621,47.96381943,6119293570,-7.894334974,40.70823583,5692528382,,,,,,,,,,,,,-11.32243013,29.04138576,28713172.43,,,,85.21739266,80.92686174,169.8889326,398.2332493,59.25398029,,,,,511.6202651,
1979,20.41381435,34.5213184,124015977481,-12.68484691,48.07160126,54758867505,19.25331625,41.02319953,72981852318,-25.55136956,48.03985909,6361235097,-7.466685134,39.02147022,5869999806,,,,,,,,,,,,,-19.50993113,29.91717917,37373188.07,,,,56.21469205,270.1833231,269.5416397,416.4962703,118.7133171,,,,,495.9862703,
1980,13.26930873,35.20751321,128707951917,-11.10060898,47.57954976,55571660180,17.86638743,40.8557108,64580522854,-17.97486395,47.83710754,6501594476,-6.572473971,39.41737854,5950511234,,,,-52.32621076,-10.86420758,75004295.99,,,,2.53618475,46.18700581,1603706.6,-6.16297176,29.32842013,45163380.55,-12.91628585,35.11062432,59048340.53,407.6502177,80.95985854,73.296388,350.8398761,55.12281461,,,,,802.122382,
1981,11.57934052,35.65087205,121898250218,-6.449882797,47.67778137,55495667605,18.89069689,39.90497515,65010325795,-18.81690861,47.63282731,7380518234,-10.38687827,38.91685041,6097678100,,,,-56.59899769,-6.934909052,90492473.79,,,,2.53618475,46.18700581,1808435.102,-9.9390959,29.19310411,49961124.75,-15.65954216,35.28188687,59535492,99.93846093,216.6009771,84.96673075,41.59735668,207.1921666,,398.3643528,,0,227.7646053,155.3138474
1982,8.964594197,36.66985524,116860569697,0.370544142,47.49514876,56115189968,19.78696339,39.85606235,67325226977,-11.03695792,48.05287645,8195563598,-10.82339728,38.94057662,6376435917,,,,-60.20933713,-3.702885809,134901796.4,,,,2.53618475,46.18700581,1944920.77,4.193206638,27.16040876,53420046.92,32.02427921,34.94899435,91256433.21,161.9321332,317.9473314,47.63412436,361.7943548,23.51662033,,333.9317159,,0,871.4291044,2667.815432
1983,8.947222635,36.97101351,116520044994,2.583382177,47.26838391,61758177380,23.82614913,39.17175763,67448326787,-7.575508802,47.76922357,9350981986,-10.70902504,38.77746926,6586854199,,,,-62.64125087,-1.482682045,190121749.9,-0.315795875,55.74289512,101238.2443,2.538581532,46.18527867,1945091.377,2.022878705,27.61875018,60678457.11,33.8207358,33.63210045,94632201.5,20.82727221,104.6854239,220.3804636,161.4883204,12.83837138,,227.3539958,,0.1654605399,136.837899,137.0717132
1984,8.114172206,36.67764058,119809536496,7.989163417,47.36504508,64125088443,21.95708228,38.44024841,71271109136,-3.243972148,47.25883743,11296635643,-8.79415247,38.19447196,6647089317,,,,-61.52882307,-2.612879497,265244971.4,-5.051810423,55.33157429,172279.0346,0.1152951224,46.40211565,1993714.396,-6.134278023,28.50208302,69083926.98,33.38101941,34.62619022,104814168.8,50.32848522,253.2164646,112.5951671,205.1632609,111.102492,,109.5192564,187.2717063,116.634689,500.9134327,73.13382869
1985,7.412548243,36.68705648,118989585575,11.8638419,47.31558271,65329193543,23.48390549,38.26894366,73728507132,-2.539956313,47.04066541,13306274299,-8.918013619,37.37407955,6781768870,,,,-62.66261526,-1.530689066,284616220.4,1.090374297,55.58818588,248267.4302,-2.85429121,46.69401839,2053017.419,-10.32309824,29.4545695,76084720.48,36.10746953,34.77160982,106507341.8,38.8769245,181.4026333,83.55597359,36.35402479,57.07769705,,108.2411057,241.1575829,142.5158298,261.5433851,155.1760946
1986,10.02497559,36.33041609,123792961803,12.46972232,47.36031859,68459760726,24.46398384,38.0518813,75541897500,-4.604399798,46.57854947,14343152714,-7.168147757,37.39933149,6796065301,,,,-64.9593411,0.650015983,265653773.9,7.758968446,55.49618275,509057.4205,-4.897720041,46.92200548,2068201.45,-21.51120275,29.74393382,84784726.41,38.06328379,34.89148523,115337009.1,147.1329239,28.5327441,55.30848632,102.7119115,96.06595426,,218.7833233,260.6356954,97.8937211,672.0852159,111.213838
1987,10.96705193,36.49736906,124893897552,13.6041774,47.31881996,71855722334,24.61444854,37.73985019,77212209813,-2.061641207,46.44799655,15642213273,-2.517517091,37.09334102,7056953253,,,,-65.49833565,1.141328843,292942976.4,9.062188046,55.19439415,701331.6056,-4.503994864,46.94243875,1984501.614,-25.36207024,29.84934431,90935145.96,34.93310473,35.83778783,128711888,53.62943368,53.18596899,23.06415885,121.2379173,256.5995248,,50.38042153,55.27574321,18.62739182,230.9650571,188.0599732
1988,11.9112273,36.03456409,129213212440,14.19831502,47.06669706,74274216651,24.38711837,38.02564481,79079337891,-6.641696549,46.70510922,16943892806,-4.256849894,36.73161172,7013274905,,,,-65.405209,1.050182702,298671316.1,10.73137384,55.0568891,1169921.025,-2.592378224,46.70568006,1948981.219,-21.24782907,28.82185191,92749108.73,37.24572836,35.48902913,136309738.1,61.54675804,32.8831755,23.31217246,218.2191619,99.26902545,,9.00131174,66.61287947,91.82770647,257.7273961,132.0152787
1989,13.77648134,35.4399393,131439629598,14.81172366,46.90372167,76041754823,24.40357503,37.56144229,80218400791,-5.570561143,46.62667001,17493900684,-4.753547274,36.46579265,7301884940,,,,-65.41317749,1.04889825,303697429.6,-89.47429392,47.45769412,8864539.414,-35.57033483,46.73973609,2827300.614,-28.06592123,29.51327937,112005052.7,-34.2171201,40.85816958,276601001.9,112.3699059,31.0236925,32.08137294,51.07682007,33.10766785,,0.5575065997,3981.515262,1550.220395,413.9947844,3789.95699
1990,13.41285201,34.52781626,133279779139,14.36133501,46.38197995,76998274027,24.50799608,37.60778224,81519880101,-6.757506822,46.22479319,18235964784,-4.985557588,35.9839519,7433256012,,,,-64.46464432,0.2114543254,296146741.3,-86.11195243,47.37789646,12060556.06,-41.9141583,46.53755892,3433262.86,-24.31695434,29.03997844,122121472.8,-47.92589116,41.99963842,318772275.5,66.2887444,41.89812596,6.551938791,62.980239,35.7102979,,87.40928388,157.2578538,301.1463117,228.2540266,713.6649108
1991,11.36062056,33.81318738,133069256633,7.32582736,44.93311817,73153315293,24.33354793,36.14669498,77567568073,-6.771876895,46.62609488,20639735893,-7.47331457,35.51191899,7209152925,,,,-65.10769515,0.7976979527,324588033.2,-77.53303775,47.78115288,13975961.81,-48.85451112,46.26913261,3783621.569,-24.62091191,28.83223197,126356520.7,-49.83118025,41.87330617,348161120.1,127.2631591,354.0122007,101.3964497,27.73602134,143.239945,,60.1130846,400.5525799,331.0403702,23.31718122,98.29960705
1992,8.94426446,32.72902282,132144159860,5.798382761,44.42262764,74206546061,20.94744858,34.490075,74160233910,-9.522019993,45.97597315,20653652985,-7.491349778,35.1622617,7621323573,,,,-67.18945103,2.821790503,313027626.9,-66.96492157,48.07479243,15731235.74,-38.65574848,45.62192532,3699239.306,-26.4363712,28.75792696,130231075.9,-49.11464985,41.49190277,384297850.5,158.3879832,82.9059774,222.5297345,138.7413977,24.17696607,,200.5316086,489.2386808,491.6073031,110.028988,45.39752596
1993,8.301243393,32.26762594,133223672923,4.278066717,44.05463047,76055148651,23.69424824,33.83845211,72341907548,-7.748095714,46.32036243,21233983016,-7.366239856,34.23587648,7672796754,,,,-69.49426698,5.046112812,317085138.3,-56.56205946,48.52281777,18948475.9,-42.26156388,45.41061108,3894618.539,-27.2066455,28.9449761,133559961.3,-49.30409324,41.79450818,395837747.8,49.1903988,79.42404198,163.3317024,88.18319365,64.39131337,,221.0039594,478.7198264,175.1423841,48.3661927,23.07972861
1994,7.798616806,32.01613635,135829991512,4.459542921,43.56324675,77164881162,21.83994439,33.51056757,74555796626,-8.844246211,46.08885296,21730788367,-8.382130514,34.36320048,8081579416,,,,-69.58202097,5.190779442,351305842.5,-47.38841962,48.38110419,24808692.79,-41.62823667,45.2382966,4058981.405,-18.08110804,27.76736528,133061413.3,-47.73978885,41.90307376,417557019.3,34.15089666,35.13150344,108.9847808,54.80267255,58.6402401,,11.67654225,420.1939666,32.98488065,560.5657332,80.84807565
1995,7.741208493,31.76343845,139118552396,3.465244718,42.98846761,79446766015,24.04592201,32.74255909,76803569658,-8.051354367,45.7630617,22580917991,-12.93166902,33.75568879,8186489227,,,,-69.98896743,5.573024733,360948522.8,-35.36332629,47.52278233,27026960.24,-39.05284877,44.98693155,4213551.425,-8.184715506,26.97150169,130419767.3,-41.33097306,41.59436341,446188232,17.77908923,63.85640627,138.2120115,44.25876933,263.7194678,,38.48022113,558.9547906,126.7483792,609.4645477,330.9293468
1996,7.167352338,31.60265888,142376197961,2.841990612,42.36804031,79782625915,23.80379463,32.69487369,77892710734,-5.70619875,45.75773825,23400594976,-12.23712493,33.64620514,8404431487,,,,-65.13089652,1.131276319,359221702.8,-26.84567086,46.44384877,31636183.62,-37.6085988,44.76477817,4338231.082,-7.084637044,27.45857827,138736589.7,-40.44342546,41.03984541,453899911.1,35.51715952,53.28260234,14.45345358,113.0429346,40.62821579,,454.2600819,408.0747325,72.34898524,75.49704397,59.90154633
1997,7.11930102,31.31170613,146604275313,2.840899988,42.33603846,81642987579,25.87150784,31.94942594,82379517587,-1.773846504,45.52861253,23212254163,-8.684417829,33.35567067,8418622072,,,,-66.9886651,3.003195469,411681823.9,-18.27653383,46.79346815,41323049.18,-30.92120051,44.41979723,4560293.264,-3.885746718,27.16217343,143641270.5,-37.24456709,41.44088791,487695707.4,20.29855228,2.211504592,131.2347231,190.5928613,205.6329991,,182.1318179,407.1207745,329.7606576,197.4170545,168.4560506
1998,7.84852088,31.17791592,149365882247,3.890843802,42.02422569,83317074657,25.68052731,31.39107998,82793377676,-2.41663478,45.3177702,23651540420,-9.09926516,33.50726065,8534752335,,,,-68.9147316,4.955409228,393172787,-8.764944655,47.31424976,54859220.05,-23.35791364,44.05888204,4869194.452,0.849188098,26.45670753,152351854,-35.1488085,42.10908392,505501047.7,44.05085356,57.90562048,40.17372418,34.40783249,26.10957308,,189.2266032,448.847383,375.0300377,295.966321,117.4233768
1999,8.727458204,31.40714103,147320369555,3.211104382,41.62551787,85464230956,27.18360078,31.38404492,82033761795,-4.584596772,45.43304506,24472470902,-7.772794531,33.0674069,8643173446,,,,-70.57235544,6.675972211,376850677.8,-11.74633565,46.32951272,72374459.95,-13.76571814,43.42332339,5131110.449,4.955193024,25.81666617,163213008.2,-33.79375908,41.53565837,529358571.8,54.24950341,44.53287218,88.64318755,105.521413,82.40827001,,164.6398952,156.4809112,480.4889299,258.4500363,80.22244949
2000,9.62448162,31.31510513,152413548430,2.37594491,41.49219858,87010411336,29.77926679,30.73300317,82901214191,-4.357345189,45.29729473,25039676077,-0.9254068401,32.93551034,8451467622,6.774211947,41.90029639,25845277.31,-73.03698944,10.84990389,347888181.7,-8.722724579,46.25476304,106793586.3,-0.6109654076,42.78850116,5751608.418,12.56608422,24.01888632,175821383.6,-32.66638895,42.01281742,554118471,53.29657919,44.14363558,160.0551189,14.48021542,396.7544775,,333.8412681,144.4171829,664.2461217,492.6611861,66.78435025
2001,9.691990191,31.6612231,151935233827,5.167029102,41.34940178,88572916280,31.69269827,30.25661433,86839129675,-4.978360114,45.24543425,25692478753,-4.326268168,32.53328009,8566407321,4.130485132,42.36200722,32152647.2,-73.22054131,11.06654358,375667621.6,-7.517074125,45.05644457,130699221.7,6.784748983,42.48231064,6580861.216,13.43532834,23.67582345,174478159.9,-28.99706085,41.25405446,581887538,24.2395598,144.9185406,118.5593876,30.40860434,199.5661639,139.1450991,19.46719027,101.2024814,376.3484841,59.81879091,196.5607112
2002,9.678702092,32.01225783,150285273832,6.449919074,40.95048248,91656694360,36.4182471,30.28027995,89491043042,-5.427878226,45.17480194,25951127367,-4.015924999,31.55126893,8596677488,4.832434651,42.379581,43195433,-71.85834647,12.81765416,439282916.5,-10.62623617,45.14698842,179769231.5,18.72612465,41.4565964,7755218.025,11.5349867,24.04437968,177173103.5,-28.96004173,41.16755766,632992071.4,24.26328804,72.20048279,281.9374957,22.41896888,70.23277423,35.8471997,152.0208959,151.7307224,616.9116102,122.7313777,6.277596002
2003,11.32018323,32.21933253,154849854584,8.582514661,40.81042341,94117896465,41.10423894,30.09970744,94802775258,-6.249756061,45.11289879,25654173950,-0.1137160836,31.79408872,9151351762,5.130385363,43.62597237,57908571.26,-70.69920508,14.81409533,540858153,-7.072721756,44.72116247,218929153.5,30.58969264,41.38812,9254922.547,9.906989912,24.35046001,182772155.1,-27.26918425,40.80132077,666522983.2,97.10503074,111.8074624,280.0740323,40.28100711,230.0279736,87.41095796,158.3298168,176.2439664,614.0996748,104.7421191,91.73505876
2004,12.63718319,32.16057642,160781003141,10.78960986,40.18654791,96830706002,43.02704741,29.95774232,100317346024,-5.058060966,45.09722214,26709371119,0.03446409139,31.78714161,9571450247,3.788621939,45.25239074,73829619.14,-72.38472509,17.21794797,593635257.2,-5.991123165,44.8359891,286536612.6,37.53342754,41.47228538,11236114.38,9.740445837,24.11496333,190224102,-24.64896474,40.99438966,711936030.2,77.10422924,123.6917897,115.4208251,58.1252405,8.714309945,130.3972729,200.2558153,53.628847,359.6102335,19.35856797,137.4679561
2005,13.97415342,31.68450485,163513688731,11.22079306,39.60147332,100437036019,48.3752262,30.09672493,111170657929,-3.348502278,45.12836964,26816135067,1.331819948,31.03623979,9935513244,1.220118137,45.28299107,117775976.5,-71.29942688,18.07509691,679722734.5,-5.423228994,44.0685991,354174235.1,41.10863443,42.66337545,14848480.56,9.193952899,23.71113321,192755126.3,-18.93734832,40.41426752,764302237.1,85.01269321,46.4326967,319.9987361,83.38537131,92.42089753,124.8951546,92.79619289,59.95614006,200.947188,44.37835768,301.7410762
2006,14.00628024,31.69025546,163431988089,11.59462357,39.37367466,102111912016,50.05088467,29.79931533,117006942588,-2.761327518,45.04632553,27192959070,3.616990107,31.13019569,10093695868,-2.314408028,45.00912916,207860489.7,-70.41788195,19.81612338,831611143.5,-7.939084362,43.51606536,448908391.4,42.10410443,43.58644791,19429041.95,11.42084383,24.00996329,197554235.4,-17.54436634,40.05392058,811588208.6,1.929910293,25.39505531,102.3856567,29.19925378,135.3542079,173.2409082,133.3565119,131.1330299,81.15202399,142.1981006,77.56693278
2007,13.97599487,31.68651251,163007111681,11.75898037,39.06129122,105530789469,52.42296715,29.61603972,121947717442,-4.551012567,44.98888289,26670338492,4.976933418,31.56890417,10516502126,-12.9426602,41.91561948,298784821.4,-73.39366642,20.52807576,1073267973,-6.881581713,43.09076892,580588706.2,37.33562765,43.88360178,25251179.34,9.773440274,24.32566049,206545842.9,-16.6595918,39.15205344,865584293.3,1.798989325,23.30460651,142.892978,87.49986696,85.76652087,573.6246634,199.1333329,60.74293304,238.8731932,106.0982695,78.09956745
2008,14.93281178,31.29505998,165285753746,11.28966189,38.45766797,104382398206,53.38600696,29.73861408,125669491930,-5.268453817,44.96499471,26541102488,6.011717091,31.12761514,10683648378,-12.7101098,35.33140799,432409325.9,-75.42023086,22.6331007,1406369319,-10.51271607,42.79137464,749780980.9,27.49510573,43.60190351,40608990.29,13.81948146,23.22152784,215899785.8,-14.9790596,38.5243102,892122464.3,62.51665709,48.76579206,58.42010698,35.10477052,68.23893295,455.0337614,195.1762177,184.783527,491.230937,266.9134196,100.2889866
2009,14.07507068,31.48082531,163432810340,14.17944842,38.135899,111809331420,58.5831049,29.09500026,128303657879,-3.981502031,44.82432364,26174838336,10.59467953,30.84587761,11264775350,-6.415378294,30.75796104,511451223.4,-77.10500992,25.22495995,1537763473,-10.32822118,42.15304088,939527314.8,24.02348647,43.21245125,67557948.96,16.51100113,22.60454538,223207501.5,-14.81955665,37.99976494,960856612.6,52.1867501,158.2394207,315.8600458,63.73670128,272.1006837,482.1833622,208.2681613,45.08934401,176.2866069,176.4892656,37.25602173
2010,14.32245838,31.26516414,170600462971,13.67663925,37.95195765,114644721402,60.41371169,29.24148021,135906439345,-2.327409718,44.7670857,26995138400,7.284033158,30.49769683,11539027262,-5.812057702,26.19448336,561688593.3,-78.9330489,26.65342081,1771736945,-9.499958737,41.66434701,1162107085,24.67800138,42.95577234,107890828.7,18.09390083,21.688428,225812842.3,-10.47624962,37.99464656,1096408855,20.85398158,30.16313643,110.8897461,81.19642296,198.172972,317.3811355,150.4462885,54.34214135,37.4832266,119.4304939,236.4315263
2011,13.78461238,31.36846407,171612509607,12.53865394,37.62029198,117406897983,61.83851208,29.5592188,143396033402,-7.649695116,44.95681874,25823718202,13.37459702,31.35050533,12063398376,-15.592441,25.06221019,675648480.5,-80.78052889,29.55824965,1733068078,-6.914176927,41.99948505,1519029629,24.00995718,41.7303806,206591872.7,18.33355419,21.62837824,230027315,-2.70974549,37.57535342,1211836116,32.53516106,66.22027684,88.51767403,260.9385304,365.6723393,614.0387196,230.0867898,135.0949446,91.26775799,15.93667984,424.898304
2012,12.4127239,31.52386448,176217147910,13.06479507,37.48523845,118715442274,62.82629974,28.61597773,139911568018,-15.1063855,45.34787785,24041675914,15.30222351,31.59470892,12223670623,-11.45543929,25.10897902,715642085.3,-78.38408181,28.93735034,1720523552,-4.005828467,41.39843784,1767629743,23.96176389,41.71296208,326515005,17.7993733,22.95252172,249954495.5,2.628993845,36.86811071,1294093059,81.56451354,30.28892915,88.32957593,364.2126303,114.8216324,258.8512302,150.6797882,155.647694,2.761016327,97.64122369,297.684117
2013,10.19297808,31.8748067,176837823179,11.72025042,37.06468387,121049876684,64.59372525,28.07095413,140989872051,-16.80862542,45.33080084,24167178932,15.46482682,31.4272705,12164988197,-9.857023886,25.20800208,736564426.6,-77.46379023,27.6900166,1858103741,-1.614923117,41.15627297,2161770147,27.1402989,41.32445085,432518134.3,16.3651022,23.40283422,263636313.9,0.4202326853,35.67127957,1390387220,132.7019875,79.41704794,113.8661634,82.67903582,15.01718243,100.1821825,102.751301,125.2492729,166.5778818,96.25260534,148.219305
2014,7.749345124,32.21336652,180975685855,,,,64.27507137,27.67275826,140519804139,-15.12946653,45.17845998,24783216870,,,,-2.471991876,21.69493337,827306666.6,-79.6300679,27.72237346,1945969535,-0.7860502903,41.12151704,2381477780,25.85369248,41.45312819,563669130.8,16.85318887,23.79535722,281311107.9,-1.599201926,34.51404832,1503745499,144.9897913,,33.69608171,82.34702557,,527.0760016,132.5125941,43.19126117,67.27320351,41.11033444,139.3558302